"","autoctr","StockCode","sciname","ReproducRefNo","ReproMode","Fertilization","MatingSystem","MonogamyType","MatingRefNo","MatingQuality","Spawning","BatchSpawner","SpawnModRef","RepGuild1","RepGuild2","ParentalCare","ParentalCareQ","ParentalCareRef","RepAquarium","RepAquaRef","Entered","DateEntered","Modified","DateModified","Expert","DateChecked","AddInfos","TS","SpecCode"
"1",27,46,"Agonus cataphractus",4700,"dioecism","external",NA,NA,NA,NA,"one clear seasonal peak per year",0,NA,"nonguarders","open water/substratum egg scatterers","none","3",NA,NA,NA,2,"1990-12-20T00:00:00.000Z",2,"2017-07-18T00:00:00.000Z",10,"1995-09-19T00:00:00.000Z",NA,NA,36
"2",2044,3968,"Alectrias alectrolophus",58332,"dioecism","external",NA,NA,NA,NA,NA,0,NA,"guarders",NA,"maternal","1",58332,NA,NA,2,"2007-05-23T00:00:00.000Z",NA,"2007-05-23T00:00:00.000Z",NA,NA,NA,NA,3772
"3",8674,43525,"Ambiserrula jugosa",205,"dioecism","external",NA,NA,NA,NA,NA,0,NA,"nonguarders",NA,"none","1",205,NA,NA,2,"2011-07-06T00:00:00.000Z",NA,"2011-07-06T00:00:00.000Z",NA,NA,NA,NA,52300
"4",1374,2695,"Anarhichas lupus",6407,"dioecism","internal (oviduct)",NA,NA,NA,NA,"one clear seasonal peak per year",0,NA,"guarders","clutch tenders","paternal","1",6407,NA,NA,10,"1994-01-28T00:00:00.000Z",2,"2007-05-23T00:00:00.000Z",1,"2000-08-08T00:00:00.000Z","Males guard a clutch of eggs right up to the time of hatching (Ref. 6407). During brood protection, the male hardly feeds (Ref. 6407).",NA,2501
"5",2053,4007,"Anarhichas minor",4645,"dioecism","internal (oviduct)",NA,NA,NA,NA,NA,0,NA,"guarders","nesters",NA,NA,NA,NA,NA,1,"1999-02-12T00:00:00.000Z",1,"2013-02-24T00:00:00.000Z",NA,NA,"Spawning happens between the months of September and January at 250 m depth. Females lay great egg bunches in nests built on the ground. The size of the eggs increases with the size of the female. Egg size 5-6 mm, larval length at hatching 21-24 mm.
",NA,3811
"6",2054,4008,"Anarhichas orientalis",559,"dioecism","external",NA,NA,NA,NA,NA,0,NA,"guarders","clutch tenders",NA,NA,NA,NA,NA,10,"1994-09-06T00:00:00.000Z",NA,"1996-03-16T00:00:00.000Z",10,"1996-03-16T00:00:00.000Z","Eggs are very large.      ",NA,3812
"7",2055,4009,"Anarrhichthys ocellatus",28499,"dioecism","external","monogamy",NA,28499,"1",NA,0,NA,"guarders","clutch tenders","biparental","1",58332,NA,NA,10,"1994-07-27T00:00:00.000Z",2,"2007-05-23T00:00:00.000Z",10,"1996-03-16T00:00:00.000Z","When courting, the male wolf-eel butts his head against the female's abdomen, wraps around her, and fertilizes her eggs as she extrudes them. Eggs are laid and both male and female wrap themselves around the egg mass to protect it . Only one parent at a time leaves the eggs to feed. The female periodically rotates the eggs until they hatch. A male and female may pair for life (Ref. 28499).",NA,3813
"8",2045,3972,"Anoplarchus purpurescens",6885,"dioecism","external","polygyny",NA,NA,"2",NA,0,NA,"guarders","clutch tenders","maternal","1",6885,NA,NA,113,"1996-08-26T00:00:00.000Z",2,"2007-11-20T00:00:00.000Z",NA,NA,"Spawning individuals are territorial. The female guards the egg mass deposited between rocks and shells by bending her body over the eggs. She fans the eggs by moving the posterior part of her body (Ref. 6885). In the aquarium, males mate with several females (Ref. 39998).",NA,3776
"9",10138,528,"Anoplopoma fimbria",205,"dioecism","external",NA,NA,NA,NA,NA,0,NA,"nonguarders","open water/substratum egg scatterers","none","3",NA,NA,NA,2,"2013-03-08T00:00:00.000Z",2,"2017-07-18T00:00:00.000Z",NA,NA,NA,NA,512
"10",1746,3465,"Apeltes quadracus",205,"dioecism","external",NA,NA,NA,NA,NA,0,NA,"guarders","nesters","paternal","1",205,NA,NA,2,"2011-07-08T00:00:00.000Z",NA,"2011-07-08T00:00:00.000Z",NA,NA,"The male builds, guards and aerates the nest (Ref. 205).",NA,3269
"11",11018,3995,"Apodichthys flavidus",101786,"dioecism","external",NA,NA,NA,NA,NA,0,NA,"guarders","nesters","biparental","1",101786,NA,NA,2,"2015-05-20T00:00:00.000Z",2,"2016-06-02T00:00:00.000Z",NA,NA,"Oviparous (Ref. 101786).  Adhesive eggs attached to a nest substrate are brooded by both parents (Ref. 101786).",NA,3799
"12",800,4242,"Artedius fenestralis",26281,"dioecism","external",NA,NA,NA,NA,NA,0,NA,"guarders","nesters","paternal","1",79766,NA,NA,2,"2001-08-07T00:00:00.000Z",2,"2015-05-20T00:00:00.000Z",NA,NA,NA,NA,4046
"13",802,4244,"Artedius lateralis",6885,NA,NA,NA,NA,NA,NA,NA,0,NA,"guarders","brood hiders",NA,NA,NA,NA,NA,113,"1999-03-24T00:00:00.000Z",1,"2013-02-24T00:00:00.000Z",NA,NA,"Eggs are deposited in a mass in a protected location among rocks (Ref. 6885).",NA,4048
"14",10953,4246,"Artedius notospilotus",101741,"protandry",NA,NA,NA,NA,NA,NA,0,NA,NA,NA,NA,NA,NA,NA,NA,2,"2015-05-20T00:00:00.000Z",NA,"2015-05-20T00:00:00.000Z",NA,NA,"Oviparous (Ref. 101741).",NA,4050
"15",2169,4510,"Aulichthys japonicus",26281,"dioecism","external",NA,NA,NA,NA,NA,0,NA,"nonguarders","brood hiders",NA,NA,NA,NA,NA,10,"1998-03-20T00:00:00.000Z",NA,"1998-03-20T00:00:00.000Z",NA,NA,"Deposits eggs in the peribranchial cavity of ascidians.",NA,4320
"16",1747,3466,"Aulorhynchus flavidus",2850,"dioecism","external",NA,NA,NA,NA,NA,0,NA,"guarders","nesters",NA,NA,NA,NA,NA,10,"1994-07-06T00:00:00.000Z",1,"2004-09-29T22:08:42.000Z",10,"1996-03-16T00:00:00.000Z","Nest is built, usually in kelp. Males are territorial (Ref. 6885) and guard the nest.",NA,3270
"17",7034,18702,"Bathymaster derjugini",205,"dioecism","external","monogamy",NA,205,"1",NA,0,NA,"guarders",NA,NA,NA,NA,NA,NA,2,"2006-11-13T00:00:00.000Z",NA,"2006-11-13T00:00:00.000Z",NA,NA,"Pairing observed during breeding (Ref. 205).",NA,23545
"18",803,4250,"Blepsias cirrhosus",37516,"dioecism","external",NA,NA,NA,NA,NA,0,NA,"guarders","nesters",NA,NA,NA,NA,NA,2,"2002-01-22T00:00:00.000Z",2,"2015-05-06T00:00:00.000Z",NA,NA,"External fertilization with internal insemination (Ref. 37516).  Adults inject eggs into the tissue near the gastral cavity of a sponge to use as a spawning bed (Ref. 34818).",NA,4054
"19",2116,4359,"Bothragonus swanii",56049,"dioecism",NA,NA,NA,NA,NA,NA,0,NA,"nonguarders",NA,NA,NA,NA,NA,NA,2,"2006-01-13T00:00:00.000Z",NA,"2006-01-13T00:00:00.000Z",NA,NA,"Demersal spawners.",NA,4163
"20",11732,13230,"Caracanthus unipinna",103751,"protogyny","external",NA,NA,NA,NA,NA,0,NA,NA,NA,NA,NA,NA,NA,NA,2,"2015-07-20T00:00:00.000Z",NA,"2015-07-20T00:00:00.000Z",NA,NA,NA,NA,12899
"21",2046,3975,"Cebidichthys violaceus",205,"dioecism",NA,NA,NA,NA,NA,NA,0,NA,"guarders","nesters",NA,NA,NA,NA,NA,2,"2006-01-18T00:00:00.000Z",NA,"2006-01-18T00:00:00.000Z",NA,NA,"Oviparous (Ref. 205).  Nests in crevices (Ref. 205).  A parent coils about the eggs (Ref. 205).",NA,3779
"22",35,54,"Chelidonichthys cuculus",205,"dioecism","external",NA,NA,NA,NA,NA,0,NA,"nonguarders","open water/substratum egg scatterers","none","3",NA,NA,NA,2,"1991-01-07T00:00:00.000Z",2,"2017-07-19T00:00:00.000Z",10,"1995-09-19T00:00:00.000Z","      ",NA,44
"23",11050,1384,"Chelidonichthys lucerna",205,"dioecism","external",NA,NA,NA,NA,"one clear seasonal peak per year",0,102336,"nonguarders","open water/substratum egg scatterers","none","1",205,NA,NA,2,"2015-06-10T00:00:00.000Z",2,"2016-06-03T00:00:00.000Z",NA,NA,"Distinct pairing during breeding (Ref. 205).",NA,1366
"24",6262,13480,"Chirolophis japonicus",58332,"dioecism","external",NA,NA,NA,NA,NA,0,NA,"guarders","nesters","maternal","1",58332,NA,NA,2,"2007-05-23T00:00:00.000Z",NA,"2007-05-23T00:00:00.000Z",NA,NA,NA,NA,13154
"25",12151,4251,"Chitonotus pugetensis",NA,"dioecism","external",NA,NA,NA,NA,NA,0,NA,NA,NA,NA,NA,NA,NA,NA,2,"2017-07-28T00:00:00.000Z",NA,"2017-07-28T00:00:00.000Z",NA,NA,NA,NA,4055
"26",10954,4252,"Clinocottus acuticeps",101741,"dioecism",NA,NA,NA,NA,NA,NA,0,NA,NA,NA,NA,NA,NA,NA,NA,2,"2015-05-20T00:00:00.000Z",NA,"2015-05-20T00:00:00.000Z",NA,NA,"Oviparous (Ref. 101741).",NA,4056
"27",12154,4253,"Clinocottus analis",NA,"dioecism","external",NA,NA,NA,NA,NA,0,NA,NA,NA,NA,NA,NA,NA,NA,2,"2017-07-28T00:00:00.000Z",NA,"2017-07-28T00:00:00.000Z",NA,NA,NA,NA,4057
"28",6184,43945,"Cociella heemstrai",205,"dioecism","external",NA,NA,NA,NA,NA,0,NA,"nonguarders",NA,"none","1",205,NA,NA,2,"2011-07-06T00:00:00.000Z",NA,"2011-07-06T00:00:00.000Z",NA,NA,NA,NA,52914
"29",804,4257,"Cottus aleuticus",1998,"dioecism","external",NA,NA,NA,NA,NA,0,NA,"guarders","nesters",NA,NA,NA,NA,NA,113,"1996-01-15T00:00:00.000Z",113,"1999-04-13T00:00:00.000Z",NA,NA,"Adults make regular seasonal migrations associated with spawning. They move downstream to estuaries or at least to lower reaches of rivers in the spring, mostly at night (Ref. 27547). Eggs are deposited on the undersurface of a rock, in adhesive masses (Ref. 1998). Over 7,000 eggs have been found in a single nest, suggesting that a male may spawn with several females (Ref. 1998, 27547). The male guards the nest until all eggs have hatched (Ref. 1998, 27547). A reverse, upstream migration of yearlings and adults occur in late summer to early winter, from August to December (Ref. 27547).",NA,4061
"30",2100,4261,"Cottus bairdii",1998,"dioecism","external","polygyny",NA,59006,"1",NA,0,NA,"guarders","nesters","paternal","1",1998,NA,NA,113,"1996-01-16T00:00:00.000Z",2,"2013-01-22T00:00:00.000Z",NA,NA,"Male selects a nesting site under a rock of ledge. Male entices a female to enter the nest. Female deposits eggs on the upper surface of the rock and leaves or is driven out of the nest. Eggs are deposited by different females. The male guards the eggs from predators and maintains a natural current flow (Ref. 1998). Also Ref. 53335.",NA,4065
"31",12160,4262,"Cottus beldingii",NA,"dioecism","external",NA,NA,NA,NA,NA,0,NA,NA,NA,NA,NA,NA,NA,NA,2,"2017-07-31T00:00:00.000Z",NA,"2017-07-31T00:00:00.000Z",NA,NA,NA,NA,4066
"32",2101,4264,"Cottus cognatus",1998,"dioecism","external",NA,NA,NA,NA,NA,0,NA,"guarders","nesters",NA,NA,NA,NA,NA,113,"1996-01-04T00:00:00.000Z",113,"1999-04-12T00:00:00.000Z",NA,NA,"The male chooses a nesting site under a rock or ledge. Spawning males are territorial toward other males (Ref. 27547). He attracts a female into the nesting site and after more courting the female deposits her adhesive eggs. The female is then driven out and the male guards the eggs until hatching occurs. The nest usually contains eggs from several females (Ref. 27547). The male has also been observed to guard the young (Ref. 1998).",NA,4068
"33",12161,4265,"Cottus confusus",NA,"dioecism","internal (oviduct)",NA,NA,NA,NA,NA,0,NA,NA,NA,NA,NA,NA,NA,NA,2,"2017-07-31T00:00:00.000Z",NA,"2017-07-31T00:00:00.000Z",NA,NA,NA,NA,4069
"34",12162,4271,"Cottus klamathensis",NA,"dioecism","external",NA,NA,NA,NA,NA,0,NA,NA,NA,NA,NA,NA,NA,NA,2,"2017-07-31T00:00:00.000Z",NA,"2017-07-31T00:00:00.000Z",NA,NA,NA,NA,4075
"35",12163,4274,"Cottus perplexus",NA,"dioecism","external",NA,NA,NA,NA,NA,0,NA,NA,NA,NA,NA,NA,NA,NA,2,"2017-07-31T00:00:00.000Z",NA,"2017-07-31T00:00:00.000Z",NA,NA,NA,NA,4078
"36",4435,8733,"Cottus poecilopus",9953,"dioecism","external",NA,NA,NA,NA,NA,0,NA,"guarders","nesters",NA,NA,NA,NA,NA,10,"1998-03-05T00:00:00.000Z",1790,"2008-01-29T22:29:31.000Z",NA,NA,"Females spawn onces a season. Most individuals spawn 2-3 seasons. They lay adhesive eggs in a compact clutch on ceiling of small cavities in gravel or rock bottom. Males guard eggs until hatching. males may guard egg clutches of several females. (Ref.59043).",NA,8419
"37",2108,4280,"Cottus tenuis",9953,"dioecism","external",NA,NA,NA,NA,NA,0,NA,"guarders","nesters",NA,NA,NA,NA,NA,10,"1998-03-05T00:00:00.000Z",NA,"1998-03-05T00:00:00.000Z",NA,NA,NA,NA,4084
"38",1748,3467,"Culaea inconstans",1998,"dioecism","external","polygyny",NA,1998,"1",NA,0,NA,"guarders","nesters","paternal","1",205,NA,NA,113,"1995-12-22T00:00:00.000Z",2,"2011-07-08T00:00:00.000Z",NA,NA,"Males arrive first in shallow waters, establish their territories, and build small nests near the bottom. The male then entices the female to the nest and by prodding her ventral and caudal peduncle area, forces her to release her eggs into the nest. The male then drives the female away, fertilizes the eggs and guards his territory until the young hatch and swim away. Males may build two nests during a breeding season and more than one female may deposit eggs in each nest (Ref. 1998).  Eggs hatch in 8-9 days (Ref. 59043).",NA,3271
"39",51,72,"Cyclopterus lumpus",4701,"dioecism","external",NA,NA,NA,NA,NA,0,NA,"guarders","clutch tenders","paternal","1",9900,NA,NA,2,"1991-02-05T00:00:00.000Z",2,"2010-11-22T00:00:00.000Z",10,"1995-12-09T00:00:00.000Z","Eggs are laid in large numbers on stony bottoms (Ref. 9900). Male guards egg-mass aggressively.",NA,62
"40",6074,13153,"Cymbacephalus beauforti",205,"dioecism","external",NA,NA,NA,NA,NA,0,NA,"nonguarders",NA,"none","1",205,NA,NA,2,"2011-07-06T00:00:00.000Z",NA,"2011-07-06T00:00:00.000Z",NA,NA,NA,NA,12826
"41",5420,11099,"Cymbacephalus nematophthalmus",205,"dioecism","external",NA,NA,NA,NA,NA,0,NA,"nonguarders",NA,"none","1",205,NA,NA,2,"2011-07-06T00:00:00.000Z",NA,"2011-07-06T00:00:00.000Z",NA,NA,NA,NA,10776
"42",6538,14562,"Cymbacephalus staigeri",205,"dioecism","external",NA,NA,NA,NA,NA,0,NA,"nonguarders",NA,"none","1",205,NA,NA,2,"2011-07-06T00:00:00.000Z",NA,"2011-07-06T00:00:00.000Z",NA,NA,NA,NA,15206
"43",2493,5145,"Dendrochirus brachypterus",205,"dioecism","internal (oviduct)",NA,NA,NA,NA,NA,0,NA,"nonguarders","open water/substratum egg scatterers","none","3",NA,NA,NA,2,"2004-09-02T00:00:00.000Z",2,"2017-07-19T00:00:00.000Z",NA,NA,"Distinct pairing (Ref. 205). Females possess specialized ovarian structures including stalk-like ovigerous lamellae and secretory epithelia (Ref. 32832).",NA,4912
"44",2919,6126,"Dendrochirus zebra",37816,"dioecism","external",NA,NA,NA,NA,NA,0,NA,"nonguarders","open water/substratum egg scatterers","none","3",NA,NA,NA,309,"2001-05-20T00:00:00.000Z",2,"2017-07-19T00:00:00.000Z",NA,NA,"Spawn in pairs. Courtship and spawning occur at night. Males aggressive, females are smaller and develop almost white face when in courtship. Spawning occurs at the apex of a short and rapid paired ascent resulting in a gelatinous mass of 2,000 to 15,000 eggs. Hatching occurs 36 hours later and larvae settle out in a few weeks at a size of 10-12 mm.",NA,5828
"45",2109,4282,"Enophrys bison",2850,"dioecism",NA,NA,NA,NA,NA,NA,0,NA,"guarders","nesters","paternal","1",2850,NA,NA,113,"1999-03-24T00:00:00.000Z",2,"2016-06-02T00:00:00.000Z",NA,NA,"Oviparous (Ref. 101741).  Male guards egg cluster and fans eggs with his pectoral fins (Ref. 2850).",NA,4086
"46",10961,4285,"Enophrys taurina",101741,"dioecism",NA,NA,NA,NA,NA,NA,0,NA,NA,NA,NA,NA,NA,NA,NA,2,"2015-05-20T00:00:00.000Z",NA,"2015-05-20T00:00:00.000Z",NA,NA,"Oviparous (Ref. 101741).",NA,4089
"47",7075,18903,"Ernogrammus hexagrammus",26281,"dioecism","external",NA,NA,NA,NA,NA,0,NA,"guarders","nesters","paternal","1",58332,NA,NA,2,"2001-08-06T00:00:00.000Z",2,"2007-05-23T00:00:00.000Z",NA,NA,NA,NA,23788
"48",57,78,"Eutrigla gurnardus",4697,"dioecism","external",NA,NA,NA,NA,NA,0,NA,"nonguarders","open water/substratum egg scatterers","none","3",NA,NA,NA,2,"1991-02-07T00:00:00.000Z",2,"2017-07-19T00:00:00.000Z",NA,NA,"The young are pelagic until attaining a length of 3 cm.      ",NA,68
"49",1337,2615,"Gasterosteus aculeatus",7471,"dioecism","external","promiscuity",NA,27547,"2","one clear seasonal peak per year",1,27547,"guarders","nesters","paternal","1",58332,NA,NA,2,"1991-03-05T00:00:00.000Z",10,"2014-04-29T00:00:00.000Z",1375,"2004-11-10T00:00:00.000Z","Spawning behavior is similar for both freshwater and anadromous forms (Ref. 28966). Just before breeding, males become very territorial. The male builds a nest of plant-material glued together with spiggin, a protein produced in the kidney (Ref. 52349). Once a nest is built, the male entices the female into the nest by performing a courtship dance which is a series of  zigzag movements (Ref. 1998). A receptive female follows the male who points the opening of the nest by posing above it with his head down. The female enters the nest, deposits up to a few hundred eggs, and is driven out by the male after eggs have been deposited. The male then enters the nest to fertilize the eggs. The male can choose to court another female to enter the nest and lay eggs before entering himself to fertilise the deposited eggs. Females may lay eggs in several nests over a period of several days or may be courted by the same male (Ref. 27547). The male guards and ventilates the eggs and young (Ref. 1998).  During spawning season, males develop a bright orange to red belly and blue-green flank and eyes.  Eggs hatch in 7-8 days.  Anadromous forms usually die of exhaustion after spawning cycle.  Freshwater individuals are able to complete several cycles within one year or sometimes over several years (Ref. 59043).",NA,2420
"50",1749,3468,"Gasterosteus wheatlandi",205,"dioecism","external",NA,NA,NA,NA,NA,0,NA,"guarders","nesters","paternal","1",205,NA,NA,2,"2011-07-08T00:00:00.000Z",NA,"2011-07-08T00:00:00.000Z",NA,NA,"Males build, guard and aerate the nest where the eggs are deposited (Ref. 205).",NA,3272
"51",10955,4288,"Gymnocanthus tricuspis",101741,"dioecism",NA,NA,NA,NA,NA,NA,0,NA,NA,NA,NA,NA,NA,NA,NA,2,"2015-05-20T00:00:00.000Z",NA,"2015-05-20T00:00:00.000Z",NA,NA,"Oviparous (Ref. 101741).",NA,4092
"52",10950,4289,"Hemilepidotus hemilepidotus",101741,"dioecism",NA,NA,NA,NA,NA,NA,0,NA,"guarders",NA,NA,NA,NA,NA,NA,2,"2015-05-20T00:00:00.000Z",NA,"2015-05-20T00:00:00.000Z",NA,NA,NA,NA,4093
"53",10951,4291,"Hemilepidotus spinosus",101741,"dioecism",NA,NA,NA,NA,NA,NA,0,NA,NA,NA,NA,NA,NA,NA,NA,2,"2015-05-20T00:00:00.000Z",NA,"2015-05-20T00:00:00.000Z",NA,NA,"Oviparous (Ref. 101741).",NA,4095
"54",2110,4293,"Hemitripterus americanus",34819,"dioecism","external",NA,NA,NA,NA,NA,0,NA,"guarders","nesters",NA,NA,NA,NA,NA,2,"2002-01-22T00:00:00.000Z",NA,"2002-01-22T00:00:00.000Z",NA,NA,"Adults attach their eggs near the base of a sponge to use as a spawning bed (Ref. 34819, 41075).",NA,4097
"55",5585,12051,"Hemitripterus villosus",34819,"dioecism","external",NA,NA,NA,NA,NA,0,NA,"guarders","nesters",NA,NA,NA,NA,NA,2,"2002-01-22T00:00:00.000Z",NA,"2002-01-22T00:00:00.000Z",NA,NA,"Spawn in the calcareous deposits of colonies of the polychaeta, <i>Salmacina</i>sp. which makes them more of  'cavity spawners'  than 'spawners in live vertebrate' (Ref. 34819, 26281).",NA,11725
"56",797,4228,"Hexagrammos decagrammus",58332,"dioecism","external",NA,NA,NA,NA,NA,0,NA,"guarders",NA,"paternal","1",58332,NA,NA,2,"2007-05-22T00:00:00.000Z",NA,"2007-05-22T00:00:00.000Z",NA,NA,NA,NA,4032
"57",10925,4229,"Hexagrammos lagocephalus",205,"dioecism","external",NA,NA,NA,NA,NA,0,NA,"guarders",NA,"paternal","1",205,NA,NA,2,"2015-05-19T00:00:00.000Z",NA,"2015-05-19T00:00:00.000Z",NA,NA,NA,NA,4033
"58",3641,6918,"Hexagrammos otakii",559,"dioecism","external",NA,NA,NA,NA,NA,0,NA,"guarders",NA,NA,NA,NA,NA,NA,10,"1995-09-20T00:00:00.000Z",NA,"1996-03-16T00:00:00.000Z",10,"1996-03-16T00:00:00.000Z","Male guards eggs.",NA,6598
"59",798,4231,"Hexagrammos stelleri",58332,"dioecism","external",NA,NA,NA,NA,NA,0,NA,"guarders",NA,"paternal","1",58332,NA,NA,2,"2007-05-23T00:00:00.000Z",NA,"2007-05-23T00:00:00.000Z",NA,NA,"Male guards egg mass.",NA,4035
"60",12193,4360,"Hypsagonus quadricornis",NA,"dioecism","external",NA,NA,NA,NA,NA,0,NA,NA,NA,NA,NA,NA,NA,NA,2,"2017-08-03T00:00:00.000Z",NA,"2017-08-03T00:00:00.000Z",NA,NA,NA,NA,4164
"61",12195,13224,"Iluocoetes fimbriatus",NA,"dioecism","external",NA,NA,NA,NA,NA,0,NA,NA,NA,NA,NA,NA,NA,NA,2,"2017-08-03T00:00:00.000Z",NA,"2017-08-03T00:00:00.000Z",NA,NA,NA,NA,12894
"62",5421,11101,"Inegocia harrisii",205,"dioecism","external",NA,NA,NA,NA,NA,0,NA,"nonguarders",NA,"none","1",205,NA,NA,2,"2011-07-06T00:00:00.000Z",NA,"2011-07-06T00:00:00.000Z",NA,NA,NA,NA,10778
"63",5192,10658,"Inegocia japonica",39368,"protandry","external",NA,NA,NA,NA,NA,0,NA,"nonguarders",NA,"none","1",205,NA,NA,2,"2001-07-23T00:00:00.000Z",NA,"2011-07-06T00:00:00.000Z",NA,NA,"Also Ref. 32209.",NA,10335
"64",4441,8783,"Kumococius rodericensis",103751,"protandry","external",NA,NA,NA,NA,NA,0,NA,"nonguarders",NA,"none","1",205,NA,NA,2,"2011-07-06T00:00:00.000Z",2,"2015-07-20T00:00:00.000Z",NA,NA,NA,NA,8469
"65",10958,4308,"Leptocottus armatus",101741,"dioecism",NA,NA,NA,NA,NA,NA,0,NA,NA,NA,NA,NA,NA,NA,NA,2,"2015-05-20T00:00:00.000Z",NA,"2015-05-20T00:00:00.000Z",NA,NA,"Oviparous (Ref. 101741).",NA,4112
"66",6077,13181,"Leviprora inops",205,"dioecism","external",NA,NA,NA,NA,NA,0,NA,"nonguarders",NA,"none","1",205,NA,NA,2,"2011-07-06T00:00:00.000Z",NA,"2011-07-06T00:00:00.000Z",NA,NA,NA,NA,12851
"67",1030,1398,"Liparis montagui",4645,"dioecism","external",NA,NA,NA,NA,NA,0,NA,"nonguarders","open water/substratum egg scatterers","none","3",NA,NA,NA,1,"1999-02-12T00:00:00.000Z",2,"2017-07-24T00:00:00.000Z",NA,NA,"Eggs are deposited on algae or polyp colonies.",NA,1379
"68",12201,4394,"Liparis pulchellus",NA,"dioecism","external",NA,NA,NA,NA,NA,0,NA,NA,NA,NA,NA,NA,NA,NA,2,"2017-08-03T00:00:00.000Z",NA,"2017-08-03T00:00:00.000Z",NA,NA,NA,NA,4198
"69",1031,1399,"Lumpenus lampretaeformis",205,"dioecism","external",NA,NA,NA,NA,"one clear seasonal peak per year",0,NA,"guarders","nesters","maternal","1",205,NA,NA,2,"2009-06-23T00:00:00.000Z",NA,"2009-06-23T00:00:00.000Z",NA,NA,NA,NA,1380
"70",12203,40530,"Lycodes raridens",NA,"dioecism","external",NA,NA,NA,NA,NA,0,NA,NA,NA,NA,NA,NA,NA,NA,2,"2017-08-03T00:00:00.000Z",NA,"2017-08-03T00:00:00.000Z",NA,NA,NA,NA,48262
"71",10959,4313,"Myoxocephalus aenaeus",101741,"dioecism",NA,NA,NA,NA,NA,NA,0,NA,NA,NA,NA,NA,NA,NA,NA,2,"2015-05-20T00:00:00.000Z",NA,"2015-05-20T00:00:00.000Z",NA,NA,"Oviparous (Ref. 101741).",NA,4117
"72",2111,4316,"Myoxocephalus octodecemspinosus",34819,"dioecism","external",NA,NA,NA,NA,NA,0,NA,"guarders","nesters",NA,NA,NA,NA,NA,2,"2002-01-22T00:00:00.000Z",NA,"2002-01-22T00:00:00.000Z",NA,NA,"Adults attach their eggs near the base of a sponge to use as a spawning bed (Ref. 34819, 41075).",NA,4120
"73",1001,1347,"Myoxocephalus scorpius",4645,"dioecism","internal (oviduct)",NA,NA,NA,NA,NA,0,NA,"guarders","clutch tenders",NA,NA,NA,NA,NA,1,"1999-02-12T00:00:00.000Z",NA,"1999-03-29T00:00:00.000Z",NA,NA,"Eggs are deposited in a clutch on the bottom and defended by the male. Larvae hatch after about 5 weeks.",NA,1329
"74",2262,4705,"Neoceratodus forsteri",2158,"dioecism","external",NA,NA,NA,NA,"one clear seasonal peak per year",0,NA,"nonguarders","open water/substratum egg scatterers","none","3",NA,NA,NA,10,"1998-02-27T00:00:00.000Z",2,"2017-07-24T00:00:00.000Z",1,"2004-01-16T15:46:26.000Z","The lungfish spawns from August to October; the eggs resemble small transparent grapes and are frequently found attached to floating stands of water-hyacinth. Spawning appears to occur in a series of three phases: in the first, a pair of fish move together, roaming about an area, presumably in search of a suitable spawning site; in the second presumably the male follows the female, nudging her flanks; finally, the fish plunge through the surrounding weed, the male following the female and fertilising the eggs as they are shed.",NA,4512
"75",11002,4126,"Neomerinthe hemingwayi",36715,"dioecism","external",NA,NA,NA,NA,NA,0,NA,NA,NA,NA,NA,NA,NA,NA,2,"2015-05-20T00:00:00.000Z",NA,"2015-05-20T00:00:00.000Z",NA,NA,"Oviparous (Ref. 36715).",NA,3930
"76",2113,4324,"Oligocottus maculosus",6885,"dioecism","external",NA,NA,NA,NA,NA,0,NA,"guarders",NA,NA,NA,NA,NA,NA,113,"1999-03-30T00:00:00.000Z",NA,"1999-03-30T00:00:00.000Z",NA,NA,"Males clasp females with their pectoral fin and fertilizes the eggs as it is being deposited on a rock (Ref. 6885).",NA,4128
"77",4329,8444,"Onigocia macrolepis",205,"dioecism","external",NA,NA,NA,NA,NA,0,NA,"nonguarders",NA,"none","1",205,NA,NA,2,"2011-07-06T00:00:00.000Z",NA,"2011-07-06T00:00:00.000Z",NA,NA,NA,NA,8133
"78",5527,11583,"Onigocia oligolepis",205,"dioecism","external",NA,NA,NA,NA,NA,0,NA,"nonguarders",NA,"none","1",205,NA,NA,2,"2011-07-06T00:00:00.000Z",NA,"2011-07-06T00:00:00.000Z",NA,NA,NA,NA,11258
"79",8282,40234,"Onigocia sibogae",205,"dioecism","external",NA,NA,NA,NA,NA,0,NA,"nonguarders",NA,"none","1",205,NA,NA,2,"2011-07-06T00:00:00.000Z",NA,"2011-07-06T00:00:00.000Z",NA,NA,NA,NA,47891
"80",4327,8441,"Onigocia spinosa",205,"dioecism","external",NA,NA,NA,NA,NA,0,NA,"nonguarders",NA,"none","1",205,NA,NA,2,"2011-07-06T00:00:00.000Z",NA,"2011-07-06T00:00:00.000Z",NA,NA,NA,NA,8130
"81",330,525,"Ophiodon elongatus",4563,"dioecism","external",NA,NA,NA,NA,NA,0,NA,"guarders","nesters",NA,NA,NA,NA,NA,10,"1995-06-28T00:00:00.000Z",113,"2000-05-19T00:00:00.000Z",1,"2000-05-19T00:00:00.000Z","Eggs are deposited in crevices or under rocks (Ref. 6885). Male guards the eggs until they hatch.",NA,509
"82",7073,18898,"Opisthocentrus ocellatus",58332,"dioecism","external",NA,NA,NA,NA,NA,0,NA,"guarders",NA,"maternal","1",58332,NA,NA,2,"2007-05-23T00:00:00.000Z",NA,"2007-05-23T00:00:00.000Z",NA,NA,NA,NA,23783
"83",7074,18899,"Opisthocentrus tenuis",58332,"dioecism","external",NA,NA,NA,NA,NA,0,NA,"guarders",NA,"maternal","1",58332,NA,NA,2,"2007-05-23T00:00:00.000Z",NA,"2007-05-23T00:00:00.000Z",NA,NA,NA,NA,23784
"84",10928,4232,"Oxylebius pictus",205,"dioecism","external",NA,NA,NA,NA,NA,0,NA,"guarders",NA,"paternal","1",205,NA,NA,2,"2015-05-19T00:00:00.000Z",NA,"2015-05-19T00:00:00.000Z",NA,NA,NA,NA,4036
"85",4241,8207,"Papilloculiceps longiceps",205,"dioecism","external",NA,NA,NA,NA,NA,0,NA,"nonguarders",NA,"none","1",205,NA,NA,2,"2011-07-06T00:00:00.000Z",NA,"2011-07-06T00:00:00.000Z",NA,NA,NA,NA,7896
"86",11015,4214,"Peristedion miniatum",37799,"dioecism","external",NA,NA,NA,NA,NA,0,NA,NA,NA,NA,NA,NA,NA,NA,2,"2015-05-20T00:00:00.000Z",NA,"2015-05-20T00:00:00.000Z",NA,NA,"Oviparous (Ref. 37799).",NA,4018
"87",2051,4000,"Pholis gunnellus",58332,"dioecism","external",NA,NA,NA,NA,NA,0,NA,"guarders",NA,"biparental","1",58332,NA,NA,2,"2007-05-23T00:00:00.000Z",NA,"2007-05-23T00:00:00.000Z",NA,NA,"Male and female coil around the egg ball (Ref. 58332).",NA,3804
"88",2052,4001,"Pholis laeta",58332,"dioecism","external",NA,NA,NA,NA,NA,0,NA,"guarders",NA,"biparental","1",58332,NA,NA,2,"2007-05-23T00:00:00.000Z",NA,"2007-05-23T00:00:00.000Z",NA,NA,"Male and female coil around the egg ball (Ref. 58332).",NA,3805
"89",11017,4002,"Pholis ornata",101786,"dioecism","external",NA,NA,NA,NA,NA,0,NA,"guarders","nesters","biparental","1",101786,NA,NA,2,"2015-05-20T00:00:00.000Z",2,"2016-06-02T00:00:00.000Z",NA,NA,"Oviparous (Ref. 101786).  Adhesive eggs attached to a nest substrate are brooded by both parents (Ref. 101786).",NA,3806
"90",8699,43633,"Platycephalus aurimaculatus",205,"dioecism","external",NA,NA,NA,NA,NA,0,NA,"nonguarders",NA,"none","1",205,NA,NA,2,"2011-07-06T00:00:00.000Z",NA,"2011-07-06T00:00:00.000Z",NA,NA,NA,NA,52457
"91",2465,5103,"Platycephalus bassensis",6390,"dioecism","external",NA,NA,NA,NA,"one clear seasonal peak per year",0,NA,"nonguarders",NA,"none","1",205,NA,NA,2,"1999-06-22T00:00:00.000Z",2,"2016-06-01T00:00:00.000Z",NA,NA,NA,NA,4873
"92",2466,5104,"Platycephalus caeruleopunctatus",205,"dioecism","external",NA,NA,NA,NA,NA,0,NA,"nonguarders",NA,"none","1",205,NA,NA,2,"2011-07-06T00:00:00.000Z",NA,"2011-07-06T00:00:00.000Z",NA,NA,NA,NA,4874
"93",6188,43987,"Platycephalus cultellatus",205,"dioecism","external",NA,NA,NA,NA,NA,0,NA,"nonguarders",NA,"none","1",205,NA,NA,2,"2011-07-06T00:00:00.000Z",NA,"2011-07-06T00:00:00.000Z",NA,NA,NA,NA,52977
"94",5426,11106,"Platycephalus endrachtensis",205,"dioecism","external",NA,NA,NA,NA,NA,0,NA,"nonguarders",NA,"none","1",205,NA,NA,2,"2011-07-06T00:00:00.000Z",NA,"2011-07-06T00:00:00.000Z",NA,NA,NA,NA,10783
"95",8462,41706,"Platycephalus fuscus",6390,"protandry","external",NA,NA,NA,NA,NA,0,NA,"nonguarders",NA,"none","1",205,NA,NA,2,"1998-09-17T00:00:00.000Z",2,"2011-07-06T00:00:00.000Z",NA,NA,"There is conflicting information (Ref. 27246, 27245, 27247) on whether dusky flahead are protandrous sex reversers or not.",NA,49820
"96",6438,14171,"Platycephalus grandispinis",205,"dioecism","external",NA,NA,NA,NA,NA,0,NA,"nonguarders",NA,"none","1",205,NA,NA,2,"2011-07-06T00:00:00.000Z",NA,"2011-07-06T00:00:00.000Z",NA,NA,NA,NA,14341
"97",835,966,"Platycephalus indicus",205,"dioecism","external",NA,NA,NA,NA,NA,0,NA,"nonguarders",NA,"none","1",205,NA,NA,2,"2011-07-06T00:00:00.000Z",2,"2015-07-20T00:00:00.000Z",NA,NA,"Also Ref. 103751.",NA,950
"98",8680,43557,"Platycephalus laevigatus",205,"dioecism","external",NA,NA,NA,NA,NA,0,NA,"nonguarders",NA,"none","1",205,NA,NA,2,"2011-07-06T00:00:00.000Z",NA,"2011-07-06T00:00:00.000Z",NA,NA,NA,NA,52356
"99",8678,43555,"Platycephalus marmoratus",205,"dioecism","external",NA,NA,NA,NA,NA,0,NA,"nonguarders",NA,"none","1",205,NA,NA,2,"2011-07-06T00:00:00.000Z",NA,"2011-07-06T00:00:00.000Z",NA,NA,NA,NA,52355
"100",10002,55294,"Platycephalus orbitalis",205,"dioecism","external",NA,NA,NA,NA,NA,0,NA,"nonguarders",NA,"none","1",205,NA,NA,2,"2011-07-06T00:00:00.000Z",NA,"2011-07-06T00:00:00.000Z",NA,NA,NA,NA,65207
"101",1936,3748,"Platycephalus speculator",34078,"dioecism","external",NA,NA,NA,NA,"one clear seasonal peak per year",1,34078,"nonguarders",NA,"none","1",205,NA,NA,2,"2000-05-19T00:00:00.000Z",2,"2011-07-06T00:00:00.000Z",NA,NA,NA,NA,3552
"102",10076,56626,"Platycephalus westraliae",205,"dioecism","external",NA,NA,NA,NA,NA,0,NA,"nonguarders",NA,"none","1",205,NA,NA,2,"2011-07-06T00:00:00.000Z",NA,"2011-07-06T00:00:00.000Z",NA,NA,NA,NA,66159
"103",331,526,"Pleurogrammus azonus",559,"dioecism","external",NA,NA,NA,NA,NA,0,NA,"guarders","nesters",NA,NA,NA,NA,NA,10,"1994-09-09T00:00:00.000Z",2,"2006-03-24T00:00:00.000Z",10,"1996-03-16T00:00:00.000Z","Female deposits egg mass in crevices or gravel in rocky coast less than 20 m depth. Male guards the eggs.",NA,510
"104",799,4233,"Pleurogrammus monopterygius",27369,"dioecism","external",NA,NA,NA,NA,"one clear seasonal peak per year",0,NA,"guarders","nesters",NA,NA,NA,NA,NA,3,"1998-10-06T00:00:00.000Z",2,"2016-06-01T00:00:00.000Z",NA,NA,"Spawns twice a year (Ref. 28499). Eggs are deposited in rock crevices and are guarded by the male who continuously fans the egg mass with his pectoral fin until hatching (Ref. 28499), which occurs after 40-45 days (Ref. 27369).",NA,4037
"105",10767,19087,"Podothecus sachi",32372,"dioecism","internal (oviduct)",NA,NA,NA,NA,"one clear seasonal peak per year",0,32372,NA,NA,NA,NA,NA,NA,NA,2,"2014-08-27T00:00:00.000Z",NA,"2014-08-27T00:00:00.000Z",NA,NA,"Mature females are multiple spawners (Ref. 32372).",NA,24005
"106",4380,8535,"Pontinus sierra",36715,"dioecism","external",NA,NA,NA,NA,NA,0,NA,"nonguarders",NA,NA,NA,NA,NA,NA,2,"2000-12-08T00:00:00.000Z",NA,"2000-12-08T00:00:00.000Z",NA,NA,"Oviparous (Ref. 36715).",NA,8222
"107",10992,1259,"Prionotus carolinus",37799,"dioecism","external",NA,NA,NA,NA,NA,0,NA,"nonguarders","open water/substratum egg scatterers","none","3",NA,NA,NA,2,"2015-05-20T00:00:00.000Z",2,"2017-07-24T00:00:00.000Z",NA,NA,"Oviparous (Ref. 37799).",NA,1243
"108",10991,1260,"Prionotus evolans",37799,"dioecism","external",NA,NA,NA,NA,NA,0,NA,"nonguarders","open water/substratum egg scatterers","none","3",NA,NA,NA,2,"2015-05-20T00:00:00.000Z",2,"2017-07-24T00:00:00.000Z",NA,NA,"Oviparous (Ref. 37799).",NA,1244
"109",10997,4218,"Prionotus ophryas",37799,"dioecism","external",NA,NA,NA,NA,NA,0,NA,"nonguarders","open water/substratum egg scatterers","none","3",NA,NA,NA,2,"2015-05-20T00:00:00.000Z",2,"2017-07-24T00:00:00.000Z",NA,NA,"Oviparous (Ref. 37799).",NA,4022
"110",796,4225,"Prionotus stephanophrys",7055,"dioecism","external",NA,NA,NA,NA,NA,1,7055,"nonguarders","open water/substratum egg scatterers","none","3",NA,NA,NA,104,"1996-02-29T00:00:00.000Z",2,"2017-07-24T00:00:00.000Z",NA,NA,NA,NA,4029
"111",5291,10862,"Pungitius hellenicus",26100,"dioecism","external",NA,NA,NA,NA,NA,0,26100,"guarders","nesters","paternal","1",205,NA,NA,34,"1998-02-24T00:00:00.000Z",2,"2011-07-08T00:00:00.000Z",NA,NA,"Males construct a nest made of vegetal material, where females lay the eggs. They guard the eggs until hatching (Ref. 59043).",NA,10540
"112",8292,40526,"Pungitius laevis",59043,"dioecism","external",NA,NA,NA,NA,NA,0,NA,"guarders","nesters","paternal","1",205,NA,NA,1790,"2008-01-29T21:01:54.000Z",2,"2011-07-08T00:00:00.000Z",NA,NA,"""Males build a nest hanging to aquatic vegetation and take care of eggs and larvae. Eggs hatch in 10-20 days. Dies at end of spawning season"" (Ref. 59043).",NA,48259
"113",6932,18188,"Pungitius platygaster",9953,"dioecism","external",NA,NA,NA,NA,NA,0,NA,"guarders","nesters","paternal","1",4119,NA,NA,10,"1998-03-05T00:00:00.000Z",2,"2011-07-08T00:00:00.000Z",NA,NA,"Territorial during spawning season. Males construct a nest made of filamentous algae and submerged plant and consisted of a separate entrance and exit.  They guard the nest until the young swim away a few weeks later (Ref. 205, 59043).",NA,22914
"114",1750,3469,"Pungitius pungitius",1998,"dioecism","external",NA,NA,NA,NA,"one clear seasonal peak per year",1,27547,"guarders","nesters","paternal","1",4119,NA,NA,113,"1996-01-02T00:00:00.000Z",2,"2016-06-01T00:00:00.000Z",NA,NA,"During the spawning season, both males and females set up territories which are defended against intruders of either sex. The male builds the nest with plant fragments and binds it together with a kidney secretion. The nest has two openings. The male then entices the female into the nest with quick dancing movements. An enticed female follows the male to his nest, enters it through one opening, deposits 50 to 80 eggs, then leaves through the other opening (Ref. 1998, 27547). In nests with one opening, the female enters, turns around, deposits her eggs and leaves (Ref. 27547). The male then enters the nest and fertilizes the eggs as it swims toward  the other opening. More than one female may deposit eggs to the nest. The male guards one opening and aerates the eggs (Ref. 1998). Soon after releasing a clutch of eggs, a female feeds voraciously and in a day or so, is ready to be courted again (Ref. 27547). Sometimes the nest falls apart before the eggs hatch. The male may build a new nest nearby and transfer the eggs to it. At hatching, the male enters the nest to remove egg remains. Newly hatched larvae move to the top of the nest and settle on it. The male may construct a nursery above the nest. As the larvae become more active, the male catches them in his mouth and spits them back to the nest or nursery. As the larvae become more active, the male loses interest in them, and may build a new nest and repeat the process or the breeding season ends (Ref. 28993).  Eggs hatch in 6-7 days (Ref. 59043).",NA,3273
"115",5576,12017,"Ratabulus diversidens",205,"dioecism","external",NA,NA,NA,NA,NA,0,NA,"nonguarders",NA,"none","1",205,NA,NA,2,"2011-07-06T00:00:00.000Z",NA,"2011-07-06T00:00:00.000Z",NA,NA,NA,NA,11691
"116",2114,4335,"Rhamphocottus richardsonii",28499,"dioecism","external",NA,NA,NA,NA,NA,0,NA,NA,NA,NA,NA,NA,NA,NA,113,"1999-03-15T00:00:00.000Z",NA,"1999-03-15T00:00:00.000Z",NA,NA,"A female chases a male into a rock crevice. She keeps him there until she lays her eggs (Ref. 28499).",NA,4139
"117",3225,13304,"Rogadius patriciae",205,"dioecism","external",NA,NA,NA,NA,NA,0,NA,"nonguarders",NA,"none","1",205,NA,NA,2,"2011-07-06T00:00:00.000Z",NA,"2011-07-06T00:00:00.000Z",NA,NA,NA,NA,12982
"118",6541,14572,"Rogadius pristiger",205,"dioecism","external",NA,NA,NA,NA,NA,0,NA,"nonguarders",NA,"none","1",205,NA,NA,2,"2011-07-06T00:00:00.000Z",NA,"2011-07-06T00:00:00.000Z",NA,NA,NA,NA,15225
"119",10977,4134,"Scorpaena brasiliensis",36715,"dioecism","external",NA,NA,NA,NA,NA,0,NA,NA,NA,NA,NA,NA,NA,NA,2,"2015-05-20T00:00:00.000Z",NA,"2015-05-20T00:00:00.000Z",NA,NA,"Oviparous (Ref. 36715).",NA,3938
"120",10976,4135,"Scorpaena calcarata",36715,"dioecism","external",NA,NA,NA,NA,NA,0,NA,NA,NA,NA,NA,NA,NA,NA,2,"2015-05-20T00:00:00.000Z",NA,"2015-05-20T00:00:00.000Z",NA,NA,"Oviparous (Ref. 36715).",NA,3939
"121",10975,4138,"Scorpaena grandicornis",36715,"dioecism","external",NA,NA,NA,NA,NA,0,NA,NA,NA,NA,NA,NA,NA,NA,2,"2015-05-20T00:00:00.000Z",NA,"2015-05-20T00:00:00.000Z",NA,NA,"Oviparous (Ref. 36715).",NA,3942
"122",2096,4139,"Scorpaena guttata",56049,"dioecism","external",NA,NA,NA,NA,NA,0,NA,"nonguarders","open water/substratum egg scatterers","none","3",NA,NA,NA,2,"2006-09-12T00:00:00.000Z",2,"2017-07-24T00:00:00.000Z",NA,NA,NA,NA,3943
"123",10973,1217,"Scorpaena plumieri",36715,"dioecism","external",NA,NA,NA,NA,NA,0,NA,NA,NA,NA,NA,NA,NA,NA,2,"2015-05-20T00:00:00.000Z",NA,"2015-05-20T00:00:00.000Z",NA,NA,"Oviparous (Ref. 36715).",NA,1201
"124",12249,4336,"Scorpaenichthys marmoratus",NA,"dioecism","external",NA,NA,NA,NA,NA,0,NA,NA,NA,NA,NA,NA,NA,NA,2,"2017-08-16T00:00:00.000Z",NA,"2017-08-16T00:00:00.000Z",NA,NA,NA,NA,4140
"125",10978,4142,"Scorpaenodes caribbaeus",36715,"dioecism","external",NA,NA,NA,NA,NA,0,NA,NA,NA,NA,NA,NA,NA,NA,2,"2015-05-20T00:00:00.000Z",NA,"2015-05-20T00:00:00.000Z",NA,NA,"Oviparous (Ref. 36715).",NA,3946
"126",2097,4145,"Sebastes aleutianus",34817,"dioecism","internal (oviduct)",NA,NA,NA,NA,NA,0,NA,"bearers","internal live bearers",NA,NA,NA,NA,NA,2,"2001-03-08T00:00:00.000Z",NA,"2001-03-08T00:00:00.000Z",NA,NA,NA,NA,3949
"127",748,4159,"Sebastes dallii",36715,"dioecism","internal (oviduct)",NA,NA,NA,NA,NA,0,NA,"bearers","internal live bearers",NA,NA,NA,NA,NA,2,"2000-12-06T00:00:00.000Z",NA,"2000-12-06T00:00:00.000Z",NA,NA,"Viviparous (Ref. 36715).",NA,3963
"128",749,4160,"Sebastes diploproa",27436,"dioecism","internal (oviduct)",NA,NA,NA,NA,NA,0,NA,"bearers","internal live bearers",NA,NA,NA,NA,NA,113,"1999-03-24T00:00:00.000Z",2,"2001-03-08T00:00:00.000Z",NA,NA,"Gives birth in spring (Ref. 27436).",NA,3964
"129",750,4161,"Sebastes elongatus",34817,"dioecism","internal (oviduct)",NA,NA,NA,NA,NA,0,NA,"bearers","internal live bearers",NA,NA,NA,NA,NA,2,"2001-03-08T00:00:00.000Z",NA,"2001-03-08T00:00:00.000Z",NA,NA,NA,NA,3965
"130",756,4167,"Sebastes goodei",6885,"dioecism","internal (oviduct)",NA,NA,NA,NA,NA,0,NA,"bearers","internal live bearers",NA,NA,NA,NA,NA,113,"1996-09-09T00:00:00.000Z",2,"2001-03-08T00:00:00.000Z",NA,NA,"Viviparous (Ref. 36715, 34817).",NA,3971
"131",2299,4772,"Sebastes inermis",5464,"dioecism","internal (oviduct)",NA,NA,NA,NA,"one clear seasonal peak per year",0,NA,"bearers","internal live bearers",NA,NA,NA,NA,NA,10,"1993-04-30T00:00:00.000Z",2,"2016-06-01T00:00:00.000Z",NA,NA,"Males established territories ranging from 12 to 70 sq. m; initiated courtship when females approached the territories; lateral display, rushing and turning movements were frequently observed during courtship. Mating pair formed about 30 min before copulation; the pair ascended to 1.5-2.0 m above bottom then males suddenly coiled around the body of females to copulate.",NA,4586
"132",759,4170,"Sebastes jordani",6885,"dioecism","internal (oviduct)",NA,NA,NA,NA,NA,0,NA,"bearers","internal live bearers",NA,NA,NA,NA,NA,113,"1996-09-09T00:00:00.000Z",2,"2001-03-08T00:00:00.000Z",NA,NA,"Viviparous (Ref. 36715, 34817).",NA,3974
"133",761,4172,"Sebastes levis",36715,"dioecism","internal (oviduct)",NA,NA,NA,NA,NA,0,NA,"bearers","internal live bearers",NA,NA,NA,NA,NA,2,"2000-12-07T00:00:00.000Z",2,"2001-03-08T00:00:00.000Z",NA,NA,"Viviparous (Ref. 36715, 34817).",NA,3976
"134",762,4173,"Sebastes macdonaldi",36715,"dioecism","internal (oviduct)",NA,NA,NA,NA,NA,0,NA,"bearers","internal live bearers",NA,NA,NA,NA,NA,2,"2000-12-07T00:00:00.000Z",2,"2001-03-08T00:00:00.000Z",NA,NA,"Viviparous (Ref. 36715, 34817).",NA,3977
"135",766,4177,"Sebastes melanostomus",36715,"dioecism","internal (oviduct)",NA,NA,NA,NA,NA,0,NA,"bearers","internal live bearers",NA,NA,NA,NA,NA,2,"2000-12-07T00:00:00.000Z",2,"2001-03-08T00:00:00.000Z",NA,NA,"Viviparous (Ref. 36715, 34817).",NA,3981
"136",767,4178,"Sebastes miniatus",34817,"dioecism","internal (oviduct)",NA,NA,NA,NA,NA,0,NA,"bearers","internal live bearers",NA,NA,NA,NA,NA,2,"2001-03-08T00:00:00.000Z",NA,"2001-03-08T00:00:00.000Z",NA,NA,NA,NA,3982
"137",768,4179,"Sebastes mystinus",36715,"dioecism","internal (oviduct)",NA,NA,NA,NA,NA,0,NA,"bearers","internal live bearers",NA,NA,NA,NA,NA,2,"2000-12-07T00:00:00.000Z",2,"2001-03-08T00:00:00.000Z",NA,NA,"Viviparous (Ref. 36715, 34817).",NA,3983
"138",772,4183,"Sebastes paucispinis",6885,"dioecism","internal (oviduct)",NA,NA,NA,NA,NA,0,NA,"bearers","internal live bearers",NA,NA,NA,NA,NA,113,"1996-09-18T00:00:00.000Z",2,"2001-03-08T00:00:00.000Z",NA,NA,"Ovoviviparous (Ref. 6885, 37177).",NA,3987
"139",774,4185,"Sebastes pinniger",34817,"dioecism","internal (oviduct)",NA,NA,NA,NA,NA,0,NA,"bearers","internal live bearers",NA,NA,NA,NA,NA,113,"1999-03-24T00:00:00.000Z",2,"2001-03-08T00:00:00.000Z",NA,NA,"Ovoviviparous (Ref. 6885).",NA,3989
"140",781,4192,"Sebastes ruberrimus",34817,"dioecism","internal (oviduct)",NA,NA,NA,NA,NA,0,NA,"bearers","internal live bearers",NA,NA,NA,NA,NA,113,"1999-03-15T00:00:00.000Z",2,"2006-09-20T00:00:00.000Z",NA,NA,NA,NA,3996
"141",785,4196,"Sebastes saxicola",34817,"dioecism","internal (oviduct)",NA,NA,NA,NA,NA,0,NA,"bearers","internal live bearers",NA,NA,NA,NA,NA,113,"1996-09-18T00:00:00.000Z",2,"2001-03-08T00:00:00.000Z",NA,NA,"Ovoviviparous (Ref. 6885).",NA,4000
"142",3612,6854,"Sebastes schlegelii",34817,"dioecism","internal (oviduct)",NA,NA,NA,NA,NA,0,NA,"bearers","internal live bearers",NA,NA,NA,NA,NA,10,"1993-05-03T00:00:00.000Z",2,"2001-03-08T00:00:00.000Z",NA,NA,"Reported as ovoviviparous (Ref. 205).",NA,6534
"143",786,4197,"Sebastes semicinctus",34817,"dioecism","internal (oviduct)",NA,NA,NA,NA,NA,0,NA,"bearers","internal live bearers",NA,NA,NA,NA,NA,2,"2001-03-08T00:00:00.000Z",2,"2006-09-20T00:00:00.000Z",NA,NA,"Viviparous (Ref. 34817).",NA,4001
"144",6117,13374,"Sebastes thompsoni",34817,"dioecism","internal (oviduct)",NA,NA,NA,NA,NA,0,NA,"bearers","internal live bearers",NA,NA,NA,NA,NA,2,"2001-03-08T00:00:00.000Z",NA,"2001-03-08T00:00:00.000Z",NA,NA,NA,NA,13052
"145",7094,18974,"Sebastiscus albofasciatus",34817,"dioecism","internal (oviduct)",NA,NA,NA,NA,NA,0,NA,"bearers","internal live bearers",NA,NA,NA,NA,NA,2,"2001-03-08T00:00:00.000Z",NA,"2001-03-08T00:00:00.000Z",NA,NA,NA,NA,23868
"146",2303,4784,"Sebastiscus marmoratus",5475,"dioecism","internal (oviduct)",NA,NA,NA,NA,"one clear seasonal peak per year",1,5193,"bearers","internal live bearers",NA,NA,NA,NA,NA,10,"1993-05-03T00:00:00.000Z",2,"2016-06-01T00:00:00.000Z",NA,NA,"The species is viviparous (Ref. 5475).      ",NA,4597
"147",5229,10759,"Sebastiscus tertius",34817,"dioecism","internal (oviduct)",NA,NA,NA,NA,NA,0,NA,"bearers","internal live bearers",NA,NA,NA,NA,NA,2,"2001-03-08T00:00:00.000Z",NA,"2001-03-08T00:00:00.000Z",NA,NA,NA,NA,10437
"148",5375,11023,"Sorsogona portuguesa",205,"dioecism","external",NA,NA,NA,NA,NA,0,NA,"nonguarders",NA,"none","1",205,NA,NA,2,"2011-07-06T00:00:00.000Z",NA,"2011-07-06T00:00:00.000Z",NA,NA,NA,NA,10700
"149",1016,1373,"Spinachia spinachia",4119,"dioecism","external",NA,NA,NA,NA,NA,0,NA,"guarders","nesters","paternal","1",4119,NA,NA,2,"2008-01-03T00:00:00.000Z",2,"2013-01-22T00:00:00.000Z",NA,NA,"Males build, guard and aerate the nest where the eggs are deposited (Ref. 205). Also Ref. 53335.",NA,1355
"150",5193,10659,"Suggrundus macracanthus",205,"dioecism","external",NA,NA,NA,NA,NA,0,NA,"nonguarders",NA,"none","1",205,NA,NA,2,"2011-07-06T00:00:00.000Z",NA,"2011-07-06T00:00:00.000Z",NA,NA,NA,NA,10336
"151",3232,13314,"Suggrundus meerdervoortii",103751,"protandry","external",NA,NA,NA,NA,NA,0,NA,"nonguarders",NA,"none","1",205,NA,NA,2,"2011-07-06T00:00:00.000Z",2,"2015-07-20T00:00:00.000Z",NA,NA,NA,NA,12993
"152",6093,13232,"Sunagocia arenicola",205,"dioecism","external",NA,NA,NA,NA,NA,0,NA,"nonguarders",NA,"none","1",205,NA,NA,2,"2011-07-06T00:00:00.000Z",NA,"2011-07-06T00:00:00.000Z",NA,NA,NA,NA,12901
"153",6095,13235,"Sunagocia otaitensis",205,"dioecism","external",NA,NA,NA,NA,NA,0,NA,"nonguarders",NA,"none","1",205,NA,NA,2,"2011-07-06T00:00:00.000Z",NA,"2011-07-06T00:00:00.000Z",NA,NA,NA,NA,12903
"154",6545,14585,"Thysanophrys celebica",205,"dioecism","external",NA,NA,NA,NA,NA,0,NA,"nonguarders",NA,"none","1",205,NA,NA,2,"2011-07-06T00:00:00.000Z",NA,"2011-07-06T00:00:00.000Z",NA,NA,NA,NA,15242
"155",6094,13233,"Thysanophrys chiltonae",205,"dioecism","external",NA,NA,NA,NA,NA,0,NA,"nonguarders",NA,"none","1",205,NA,NA,2,"2011-07-06T00:00:00.000Z",NA,"2011-07-06T00:00:00.000Z",NA,NA,NA,NA,12902
"156",8677,43553,"Thysanophrys cirronasa",205,"dioecism","external",NA,NA,NA,NA,NA,0,NA,"nonguarders",NA,"none","1",205,NA,NA,2,"2011-07-06T00:00:00.000Z",NA,"2011-07-06T00:00:00.000Z",NA,NA,NA,NA,52352
"157",8361,41163,"Trachidermus fasciatus",35893,"dioecism","external","promiscuity",NA,35893,"1",NA,0,NA,"guarders","clutch tenders","paternal","1",35893,NA,NA,2,"2007-10-01T00:00:00.000Z",NA,"2007-10-01T00:00:00.000Z",NA,NA,NA,NA,48979
"158",2015,3878,"Trichodon trichodon",57910,"dioecism","external",NA,NA,NA,NA,NA,0,NA,NA,NA,NA,NA,NA,NA,NA,2,"2007-02-09T00:00:00.000Z",NA,"2007-02-09T00:00:00.000Z",NA,NA,"Incubation of eggs takes one year (Ref. 57910).",NA,3682
"159",2048,3992,"Ulvaria subbifurcata",58332,"dioecism","external",NA,NA,NA,NA,NA,0,NA,"guarders",NA,"paternal","1",58332,NA,NA,2,"2007-05-23T00:00:00.000Z",NA,"2007-05-23T00:00:00.000Z",NA,NA,"Eggs are laid in several clumps or masses which are guarded by the male parent (Ref. 58332).",NA,3796
"160",2049,3993,"Xiphister atropurpureus",58332,"dioecism","external",NA,NA,NA,NA,NA,0,NA,"guarders","nesters","paternal","1",58332,NA,NA,2,"2007-05-23T00:00:00.000Z",NA,"2007-05-23T00:00:00.000Z",NA,NA,"Eggs are laid in several clumps or masses which are guarded by the male (Ref. 58332).",NA,3797
"161",2050,3994,"Xiphister mucosus",2850,"dioecism","external",NA,NA,NA,NA,NA,0,NA,"guarders","clutch tenders","paternal","1",2850,NA,NA,113,"1999-03-25T00:00:00.000Z",2,"2007-05-23T00:00:00.000Z",NA,NA,"Female lays eggs in a cluster under a rock, male guards the egg mass by wrapping his body around it (Ref. 2850)",NA,3798
"162",10927,4234,"Zaniolepis frenata",205,"dioecism","external",NA,NA,NA,NA,NA,0,NA,"guarders",NA,"paternal","1",205,NA,NA,2,"2015-05-19T00:00:00.000Z",NA,"2015-05-19T00:00:00.000Z",NA,NA,NA,NA,4038
"163",10926,4235,"Zaniolepis latipinnis",205,"dioecism","external",NA,NA,NA,NA,NA,0,NA,"guarders",NA,"paternal","1",205,NA,NA,2,"2015-05-19T00:00:00.000Z",NA,"2015-05-19T00:00:00.000Z",NA,NA,NA,NA,4039
"164",308,494,"Zoarces americanus",35432,"dioecism","internal (oviduct)","monogamy",NA,52884,"1",NA,0,NA,"guarders","nesters","maternal","1",104883,NA,NA,2,"2000-08-14T00:00:00.000Z",2,"2015-10-22T00:00:00.000Z",NA,NA,"Eggs are laid in gelatinous masses guarded by one or both parents until hatching (Ref. 35432). However, more recent evidence suggests that care is provided by the female alone (Ref. 104883).",NA,480
"165",12262,18921,"Zoarces elongatus",NA,"dioecism",NA,NA,NA,NA,NA,NA,0,NA,"bearers",NA,NA,NA,NA,NA,NA,2,"2017-08-18T00:00:00.000Z",NA,"2017-08-18T00:00:00.000Z",NA,NA,NA,NA,23806
